kameradM	what does it mean to you if you vote for indonesian communist party indonesias st general election	1458130387.0	i.imgur.com	True	4ani9f	https://external-preview.redd.it/OA5betpXHtZi8moA5kHV5-tKqhTqv19F94RDeL8hmEU.jpg?width=320&crop=smart&auto=webp&s=91268087e15255ed5a3c1679cfe86b02bcdfe7aa		36.0	175	propagandaposters	What Does it Mean to You if You Vote for Indonesian Communist Party? (Indonesia's 1st General Election, 1955)	0.94	0	1	5
ViktorHr	lets take the fate of our nation in our handshitler will be president nsdap presidential election poster	1501706434.0	i.redd.it	True	6r75wp	https://preview.redd.it/i9md1qa1yddz.jpg?width=216&crop=smart&auto=webp&s=b4d1de8063d03e057d04430d4cc89250ef226aeb		4.0	73	propagandaposters	"""Let's take the fate of our nation in our hands.Hitler will be President"", NSDAP presidential election poster, 1932."	1.0	0	1	5
Crowe410	southern whites are the negros best friend but no integration nashville tennessee usa	1485816491.0	i.imgur.com	True	5r46kd	https://external-preview.redd.it/4UtptqPT_qLoAUI5sCyyCrhwK6AMyo8dbuG68PbsM0U.jpg?width=320&crop=smart&auto=webp&s=5b96b86929e00e711a6fda342f02516e2b17580c		10.0	81	propagandaposters	"""Southern whites are the negro's best friend, but no integration"" Nashville, Tennessee, USA 1956"	0.97	0	1	5
	shout out against the war on women	1442714115.0	i.imgur.com	True	3lmp0d	https://external-preview.redd.it/Di2THRMfjOn6prgEX7hC6FsqzlIIDVx8amjZ42gJyaY.jpg?width=320&crop=smart&auto=webp&s=b6cf6421add93b222e500f6eea7302bd120719dc		8.0	101	propagandaposters	"""Shout out against the war on women"" [2015]"	0.79	0	1	5
MontyHudson	peoples commune is great as the women are liberated thoroughly china	1424745739.0	i.imgur.com	True	2wy21w	https://external-preview.redd.it/v8-uN6HrDwnn8aURGeenxuKCLcBx6Azp40VNC4tx-T8.jpg?width=320&crop=smart&auto=webp&s=7c3649f2672d3a3b2924166449f1aef56805e2ed		23.0	152	propagandaposters	People's Commune is great as the women are liberated thoroughly (China, 1960)	0.98	0	1	5
Thaddel	collection of posters forby the airraid protection union germany	1435519566.0	imgur.com	True	3bfgxi	https://external-preview.redd.it/lX3usGLdfkEFyw2a7q02duRukH13JfWHky7J92hT4tU.jpg?width=320&crop=smart&auto=webp&s=ef4123fb754b0bdd48a57fad5ad262d57e8165b7		1.0	14	propagandaposters	Collection of Posters for/by the Air-Raid Protection Union, Germany 1933-45.	0.9	0	1	5
Rubiego	how the church sowed its religion in spain spanish civil war	1495280097.0	i.imgur.com	True	6c9wu5	https://external-preview.redd.it/WVBmynC_L9y_4tmM48JBnrRB5g3nujod7NkpQqD4qRs.jpg?width=320&crop=smart&auto=webp&s=779ab41df8f5ffafe33b54c9e0fd6bb0093e8d78		44.0	1442	propagandaposters	"""How the Church sowed its religion in Spain"" (Spanish Civil War, 1936-1939)"	0.92	0	1	5
	the works are made by the people and for the people cuban poster date unknown	1412223320.0	i.imgur.com	True	2i28x4	https://external-preview.redd.it/YWDgAyMpjNr1TyA4Bc9rJjPbGo_-B0Nlz_w48AFSUr0.jpg?width=320&crop=smart&auto=webp&s=55e2da6c0c7e9ee101a6b71a8a0a40b944ff9f80		0.0	11	propagandaposters	"""The works are made by the people and for the people"" Cuban poster, date unknown"	0.84	0	1	5
formlex7	roosevelt labors choice jewish daily forward	1503533687.0	i.imgur.com	True	6vn6bt	https://external-preview.redd.it/ULf1qMuZ9wuXqwdhay3F9VhFNBdndT7EM-YzSUjhfts.png?width=320&crop=smart&auto=webp&s=c0a89d1003ee178b9d178bc358d24082dcd7beef		2.0	41	propagandaposters	"""Roosevelt: Labor's Choice,"" Jewish Daily Forward, 1936."	0.95	0	1	5
petroichor	anticatholic kkk poster s	1500771260.0	imgur.com	True	6oykfz	https://external-preview.redd.it/VYZbwfqvfRwMxCFeImxD9I71-1Gdct36nr0UPoQIni8.jpg?width=320&crop=smart&auto=webp&s=49c1ae3130f0281908fe9cd7d757b3db7998a1af		0.0	14	propagandaposters	AntiCatholic KKK poster, 1920's	0.84	0	1	5
Plan4Chaos	creatively resolve challenges during building of the main assignment is the task of every worker and engineer slogan in the building dock on keel laying ceremony for nuclear submarine ussr	1497540815.0	i.imgur.com	True	6hfqw2	https://external-preview.redd.it/7ZkdDn8-iYE16F6VyaQWEmW6VsvHmzanPS20LY0nScg.jpg?width=320&crop=smart&auto=webp&s=028a034b82429480f1748744a0b2892b11a4686b		1.0	43	propagandaposters	"""Creatively resolve challenges during building of the main assignment is the task of every worker and engineer"" - slogan in the building dock on keel laying ceremony for nuclear submarine, USSR, 1977"	0.93	0	1	5
le0rik	this is the first day of new life of yours russian military recruitment ad	1413808755.0	youtube.com	True	2js2gx	https://external-preview.redd.it/fwHJO5DW0_EAfX8N49Lnu3pTbLa04_g6rMWUr9NEmmM.jpg?width=320&crop=smart&auto=webp&s=748210a887a262dc792e31ad219bcd869eb3387f		6.0	17	propagandaposters	"""This is the first day of new life of yours"" Russian military recruitment Ad (May 2014)"	0.8	0	1	5
ZugNachPankow	looks like she did her bit by giving away her clothes advertising to collect clothing for war victims times square new york roldschoolcool	1437117267.0	i.imgur.com	True	3dlmw5	https://external-preview.redd.it/rw3C157-mb0CTpawp_iy2QUuOWtOs9AaKwKVk8JT52w.jpg?width=108&crop=smart&auto=webp&s=13f10bd79b14373c26cda336f47e723faa67d7a9		0.0	49	propagandaposters	Looks like she did her bit by giving away her clothes. (Advertising to collect clothing for war victims, Times Square, New York, 1944 - /r/OldSchoolCool)	0.93	0	1	5
iofthebeholder	modern wall street national socialist parody	1380653484.0	i.imgur.com	True	1nj1lb	https://external-preview.redd.it/w74YsmWdGpm_FSLZogrt9S5IN0ETXHN12W-84aHNz1c.jpg?width=320&crop=smart&auto=webp&s=fe2950dfd60242f3c9081ab443993c1d7d01b0a4		2.0	15	propagandaposters	modern wall street / national socialist parody	0.68	0	1	5
IrishScampi	irish antiausterity solidarity poster	1435867305.0	imgur.com	True	3bwra8	https://external-preview.redd.it/u8xHc2lmYufnZiyXJWBch61TRSIzX7GjiGi84oNa5g0.jpg?width=320&crop=smart&auto=webp&s=996288c979577698828fd479f77ac427c8ca1bb9		19.0	118	propagandaposters	Irish anti-austerity solidarity poster	0.98	0	1	5
Smoke_Me_When_i_Die	japanese depiction of commodore perry and his secondincommand henry adams ca	1469504871.0	i.imgur.com	True	4umoo4	https://external-preview.redd.it/_Gg4c4eD-2hiL6m1FK3aq9Dt2Z9rObMCJbj5TZayfIo.png?width=320&crop=smart&auto=webp&s=7817e881250210b2c7f0ffaf04648fe9eee3ef1d		19.0	90	propagandaposters	Japanese depiction of Commodore Perry and his second-in-command Henry Adams, Ca. 1854	0.95	0	1	5
Dusepo	under the sacred sign of hope gather peaceful warriors esperanto antinationalist	1479298940.0	i.redd.it	True	5d8wdm	https://preview.redd.it/jswuy7re5zxx.jpg?width=320&crop=smart&auto=webp&s=3201d9a693d526dca96039b2b7daa833e54d21de		7.0	133	propagandaposters	"""Under the sacred sign of hope, gather peaceful warriors"" (Esperanto, anti-nationalist, 1911)"	0.96	0	1	5
petroichor	slovenian do not reject the blessings of the sky earth calls slovenia	1499692239.0	imgur.com	True	6mec6k	https://external-preview.redd.it/aCfZ_W_7zp5gfuQJmo9RnyDTYApGl1tEosc4BI2J0jY.jpg?width=320&crop=smart&auto=webp&s=0f8d9e20a849d8054d3adec4c40d1eecfc4f37e6		0.0	7	propagandaposters	"""Slovenian: do not reject the blessings of the sky. Earth calls!"" 1942, Slovenia"	0.82	0	1	5
RobertSparrow	is always bad here are some examples of a different kind original source and date unknown	1425320317.0	i.imgur.com	True	2xoxj0	https://external-preview.redd.it/Kkew-ktOJg5kfmqADfewiCV-6p0Cl59u3jpOCseFnOI.jpg?width=320&crop=smart&auto=webp&s=83839291a7c24fda01e40bd50514c973225ba35e		22.0	342	propagandaposters	"""Is Propaganda always Bad? Here are some examples of a different kind."" Original source and date unknown"	0.97	0	1	5
Dusepo	in the name of the father antihomophobia religion	1479814327.0	i.redd.it	True	5ea8xp	https://preview.redd.it/agjrq6q5q5zx.jpg?width=320&crop=smart&auto=webp&s=7e3468abadeaf158b614008833087fcf41781442		1.0	41	propagandaposters	"""In the name of the father"" [Anti-homophobia, religion, 2004]"	0.89	0	1	5
mevanarie	where god saves and satan invests gun control poster	1377637562.0	imgur.com	True	1l7pry	https://external-preview.redd.it/qsfcQCmv2bgiVNUfZ8P1DAfriVkw59MkTnExdU3b-as.jpg?width=320&crop=smart&auto=webp&s=f78cbe5bba8a65933382b3a209c7c5a1a1eef476		27.0	148	propagandaposters	Where God Saves and Satan Invests, 2013 [Gun Control, Poster]	0.9	0	1	5
politicscurator	away with the abortion clause women vote communist germany	1485356204.0	i.redd.it	True	5q3le1	https://preview.redd.it/apacgsivgvby.jpg?width=320&crop=smart&auto=webp&s=a57fb5081e599553092663ffdf9437ee574334b3		6.0	78	propagandaposters	"""Away with the Abortion Clause. Women Vote Communist"", Germany, 1928"	0.97	0	1	5
	capitalism is a pyramid scheme anarchist modern	1391875327.0	i.imgur.com	True	1xd0qd	https://external-preview.redd.it/u0qQpQ5HkwSuzmfXG5Vs3eH9IiigDsLpQa3D4QJbmx4.jpg?width=320&crop=smart&auto=webp&s=bbdce2084acf0a633c672207db3032ce40777f22		126.0	426	propagandaposters	Capitalism is a Pyramid Scheme, Anarchist [Modern]	0.92	0	1	5
Swed-fo-life	reserved for the traitors of the people nordic resistance movement modern	1467379060.0	imgur.com	True	4qrogv	https://external-preview.redd.it/uoS0Vvdy3RaO_G7pvtu0B67YR9lURI3c2fzXcuczZc4.jpg?width=320&crop=smart&auto=webp&s=cbf0e05d2b66051c2c85c1c1805c82f0550dc212		52.0	83	propagandaposters	Reserved for the traitors of the people, (Nordic Resistance Movement), (Modern).	0.93	0	1	5
RamblinJAM	a young mans opportunity ccc recruiting poster	1382034457.0	imgur.com	True	1ons5l	https://external-preview.redd.it/uU1TD6ACoRFLlb9bhUl63CySGS3OKkLro-CYVGsVsns.jpg?width=320&crop=smart&auto=webp&s=a72ce2e7d52e2ecad9f48193b4fd776f972e6fcd		6.0	171	propagandaposters	A Young Man's Opportunity, 1933 - 1942 [CCC recruiting poster]	0.98	0	1	5
SaintBowie	imperial and popular fund for the army and the navy frankfurt christmas charity day contributions to theaterplatz office germany	1499681199.0	i.imgur.com	True	6mdj1f	https://external-preview.redd.it/olyworazGdHjpBm3Mmp4mkRBg1vf_rDODyr7xFMOPbM.jpg?width=320&crop=smart&auto=webp&s=2daa5eda04b5f4380a921905f4ad70b76492d01c		2.0	25	propagandaposters	"""Imperial and Popular Fund for the Army and the Navy. Frankfurt Christmas Charity Day 1917. Contributions to 14 Theaterplatz, Office 5."", Germany, 1917"	0.88	0	1	5
critfist	prostitutes no thanks were from chan modern meme against prostitution happy fools day	1459552310.0	imgur.com	True	4cyrg3	https://external-preview.redd.it/y1ZWSSkGp9Mrmbz9LwyEt9UChOK39D2dYQ4SiP17IxQ.jpg?width=320&crop=smart&auto=webp&s=03d641eebb65727b3b56e56564f61d088b6ddf3b		5.0	284	propagandaposters	Prostitutes? No thanks, we're from 4chan! - Modern, meme propaganda against prostitution, happy April Fools day!	0.9	0	1	5
the-uncola	napoleon mighty leader song from animal farm	1470974089.0	youtu.be	True	4xbpja	https://external-preview.redd.it/Gyx4vWSWKMY5ikC3Cuzj9g3fZ8m0jHrUxxVIAAaJtYY.jpg?width=320&crop=smart&auto=webp&s=1b599ba0e9693cd560601b13a3b55dc2c4ec3ac6		7.0	26	propagandaposters	"""Napoleon, Mighty Leader"" song from Animal Farm (1999)"	0.9	0	1	5
alllie	physically fit by henry glintenkamp pacifism wwi cartoon	1371497554.0	i.imgur.com	True	1gj9hs	https://external-preview.redd.it/6r5q_qb8KZU2D8hOetIdIpQ7s23eR-aKC4jvJnZ9M-8.jpg?width=320&crop=smart&auto=webp&s=1abacfb0650d7a117945b337390769f64624ced9		6.0	98	propagandaposters	Physically Fit, by Henry Glintenkamp, 1917 [Pacifism, WWI, Cartoon]	0.93	0	1	5
alllie	trumans soldiers by veniamin briskin korean war painting	1373130413.0	i.imgur.com	True	1hr7n2	https://external-preview.redd.it/9kmlan6JUdbi8iNaFUsYaHWRbmTbkp_bhhoaRSckpa8.jpg?width=320&crop=smart&auto=webp&s=8d8795690fc3f1c918fc61f935bd8c853e783e29		5.0	35	propagandaposters	Truman's Soldiers by Veniamin Briskin, 1952 [Korean War, Painting]	0.88	0	1	5
michaelconfoy	buy that invasion bond	1419212249.0	i.imgur.com	True	2q0wjd	https://external-preview.redd.it/Do4ICi0cPvNx-DR7XHmJDXTloN8oMVTkGFbYK9n39Gk.jpg?width=320&crop=smart&auto=webp&s=14eaf803903de5055c19e99fcb028fa0b795d6c1		9.0	139	propagandaposters	"""BUY THAT INVASION BOND!"" 1944."	0.96	0	1	5
minnabruna	uncle sam welcomes theodore roosevelt as the sun election pin	1463186248.0	p2.liveauctioneers.com	True	4j99el	https://external-preview.redd.it/j1eZf5Cp6M92DAgBViVWd54qKdsmNjfP8L4Ei11Qd3A.jpg?width=320&crop=smart&auto=webp&s=63acccb304920f570213a17550d033cc79f27596		4.0	21	propagandaposters	Uncle Sam Welcomes Theodore Roosevelt as the Sun, election pin, 1910	0.94	0	1	5
swagshoah	magical mike antidukakis comic book distributed by the gop	1423363369.0	ep.tc	True	2v5lbx	https://external-preview.redd.it/SjooARzhWNGRdslVLvPyU7zE_cfg4TnuJfkHyxlEce0.jpg?width=320&crop=smart&auto=webp&s=e116fc764bd74671a46a5e2ab306cbe916194985		3.0	13	propagandaposters	Magical Mike (1988) — anti-Dukakis comic book distributed by the GOP	0.82	0	1	5
	the people decided the country must be defended hungary	1442441142.0	kep.cdn.index.hu	True	3l86zt	https://external-preview.redd.it/wbkr6t79kElOgAWlUl_2c8KrpO6VpVIcG5nuhGkY7IY.jpg?width=320&crop=smart&auto=webp&s=e48904b48b34d6dcfdb9e9fbee34243e66f02b92		4.0	6	propagandaposters	THE PEOPLE DECIDED: THE COUNTRY MUST BE DEFENDED. [Hungary, 2015]	0.72	0	1	5
Lord_jyraksiz	from an old turkish newspapermagazinecouldnt fit the date on the picture because i was in a hurry date unknown	1477755075.0	i.redd.it	True	5a0y6j	https://preview.redd.it/fbjna0tdmfux.jpg?width=320&crop=smart&auto=webp&s=a79e0f4aea4111856dbda4e11a582cb0e8ccbeff		4.0	21	propagandaposters	From an old Turkish newspaper/magazine(Couldn't fit the date on the picture because I was in a hurry, date unknown)	0.9	0	1	5
Quack_of_Doom	at the sound of the airraid alarm find cover immediately occupied holland	1362949071.0	imgur.com	True	1a1i5d	https://external-preview.redd.it/g_NGu5ekdYkcSdEXcvbyfc90_o_wCwdrRpu1gHJOcls.jpg?width=320&crop=smart&auto=webp&s=f44e4b7e58de5cc431fd87fa49cf21e822c953c8		0.0	12	propagandaposters	'At the sound of the air-raid alarm, find cover immediately!' Occupied Holland, 1943 	0.89	0	1	5
	indiscretion lead to sabotagethe walls have ears canada	1482335376.0	imgur.com	True	5jkkxz	https://external-preview.redd.it/zvPeuARUd1wr_liNnhsofB9VsTOeZ-CSQ9txiIrJXAk.jpg?width=320&crop=smart&auto=webp&s=986766c8e9fd0f07e2c0e2e37b9510289bf5178c		3.0	82	propagandaposters	"""Indiscretion may lead to sabotage—the walls have ears."" Canada, 1941"	0.99	0	1	5
	world war i world war ii world war iii everybody circa antiwar poster	1378220538.0	i.imgur.com	True	1ln9yi	https://external-preview.redd.it/vvxJrMbffPcyRYi5rIQowiD2aXCOB5dQ44cDH3pO3-U.jpg?width=320&crop=smart&auto=webp&s=ecc5bd72293874b44072c6ea5abcfb75344f6acf		17.0	294	propagandaposters	"""World War I - 10,000,000 World War II - 55,000,000 World War III - everybody!"" circa 1980 [Anti-War, Poster]"	0.97	0	1	5
rumhead_amf	go there and do as they do leaflet encouraging emigration to the belgian congo s	1465813426.0	imgur.com	True	4nv0eu	https://external-preview.redd.it/dH4d2OtJgOZw9O-c0tS6rj2eQqOtodw_Qeh9kgLrbiU.jpg?width=320&crop=smart&auto=webp&s=b35406df626426732f3edbfcaf1166fbf3d3a76a		7.0	88	propagandaposters	"""Go there, and do as they do!"", leaflet encouraging emigration to the Belgian Congo, 1920s"	0.97	0	1	5
TommBomBadil	follow the true path comrades soviet s	1497487187.0	imgur.com	True	6hbp95	https://external-preview.redd.it/snN61OWSeMDuAp8xK5YmzfSjELkN7S7df5JlmgWn9QQ.jpg?width=320&crop=smart&auto=webp&s=e0abdaf8aa9ec984736ed4a26f137965afb21150		2.0	24	propagandaposters	“Follow the true path, comrades!” - Soviet 1920's	0.88	0	1	5
Doomwaffle	antiabortion business card tacked up at my seattle school modern	1414540302.0	imgur.com	True	2kmgh9	https://external-preview.redd.it/JNfNIkmrZvgV4XFIS9hVr5LMy7GTWG9dPdgcD4G2BgE.jpg?width=320&crop=smart&auto=webp&s=6058691ae07a3a716b866261af0d96f728948b2f		5.0	22	propagandaposters	Anti-Abortion Propaganda business card tacked up at my Seattle school [Modern]	0.8	0	1	5
Popcom	let us all become honorary victors in the day campaign of loyalty north korea	1459778974.0	imgur.com	True	4db7tl	https://external-preview.redd.it/V2QluM84eEhqYXVYAqas_4F9PHh3aIMApNVQf3iLr4g.jpg?width=320&crop=smart&auto=webp&s=49ed5bfdd5b99ce90851db829ed5e7dec7f41158		40.0	367	propagandaposters	"Let us all become honorary victors in the '70-day campaign' of loyalty!"" - North Korea 2016"	0.97	0	1	5
la838	australians arise save her from this shame australia	1497498103.0	i.redd.it	True	6hclt5	https://preview.redd.it/vwgi1y1rcq3z.jpg?width=320&crop=smart&auto=webp&s=03e186dcef023c435ff461c63f9513a2dc55ca4e		13.0	248	propagandaposters	"""Australians Arise! : save her from this shame"" - Australia, 1916"	0.97	0	1	5
wildeastmofo	holidays in the soviet paradise unforgettable west germany	1465563205.0	i.imgur.com	True	4ng50u	https://external-preview.redd.it/JdtuSrWn-PtTZUqMLgRR1DYkYE3d35n2Bbx4NLyTB2k.jpg?width=320&crop=smart&auto=webp&s=84b9dae32b3a701b00c100142c99edb0d20437e1		36.0	384	propagandaposters	"""Holidays in the Soviet paradise - unforgettable!"", West Germany 1952"	0.96	0	1	5
pn6878	smash through the stateoftheart then higher faster north korea date unknown	1484515301.0	i.redd.it	True	5o6hs2	https://preview.redd.it/1h2cyn8h0y9y.jpg?width=320&crop=smart&auto=webp&s=d40aa96ba2ba71c66e15f382bd03548f74f600b3		10.0	73	propagandaposters	"""Smash through the state-of-the-art, then higher faster!"" North Korea, date unknown"	0.97	0	1	5
TheUnAustralian	marine corps recruiting in the united states	1468424582.0	i.imgur.com	True	4snt1u	https://external-preview.redd.it/HuLbMErjIprmlWfWNcrqzLuDmgYHA7IeaadU1klaPyI.jpg?width=320&crop=smart&auto=webp&s=6d3e472eaeb4a6aac30abf9b1d92fe7530f802bf		4.0	5	propagandaposters	Marine Corps Recruiting in the United States [2015]	0.61	0	1	5
alllie	communists on interrogation in the staff of the white army by alexander deineka russian civil war painting	1371594487.0	i.imgur.com	True	1gm6e7	https://external-preview.redd.it/XcnFdxOVgje20YIgD94FVHCDjsNz1JhpiVnXV-hr5n4.jpg?width=320&crop=smart&auto=webp&s=0caf00cb4e33eb3b28e9811f775d92dfd3d11a80		3.0	11	propagandaposters	Communists on Interrogation, In the Staff of the White Army, by Alexander Deineka, 1933 [Russian Civil War, Painting]	0.84	0	1	5
free_george_bush	soviet civil defense pamphlet on the effects of a nuclear attack	1487933788.0	i.redd.it	True	5vwvk6	https://preview.redd.it/qlq67fffdshy.jpg?width=320&crop=smart&auto=webp&s=b4ecec5acefbb9a6ebf43ad04313b8b1f69c3be2		50.0	1035	propagandaposters	Soviet civil defense pamphlet on the effects of a nuclear attack, 1986	0.93	0	1	5
cocojombo	looking for these german military posters of the s s in higher resolution	1466095347.0	self.PropagandaPosters	True	4oea3d	https://external-preview.redd.it/779W0WE3gyoFNhbBJ9Ju6F0FAR69x1PcXuj6lLHDh0o.jpg?width=320&crop=smart&auto=webp&s=9d14b3ebd8d115e1b55969c44d2a3cf7e4dbfe12		0.0	20	propagandaposters	Looking for these German Military Posters of the 50s / 60s in higher resolution	0.84	0	1	5
halalslaughter	please help me to identify this poster date unknown	1381906542.0	imgur.com	True	1ok5d8	https://external-preview.redd.it/xhhW-TAME90E4fIFUUnYL41uJDVssbtDY3pz6sAuD00.jpg?width=320&crop=smart&auto=webp&s=5e6ddece2577f032d335069d98d734bd62683104		12.0	78	propagandaposters	please help me to identify this poster. Date unknown.	0.91	0	1	5
commieflirt	german edition of the international jew an antisemitic fourvolume booklet series on the worlds foremost problem published by henry ford founder of the ford motor company	1470519795.0	i.redd.it	True	4whx6c	https://preview.redd.it/dlmmf1doztdx.jpg?width=320&crop=smart&auto=webp&s=0f32f45acf0261a5a285a7b0dcbaf0ffd3feadf7		38.0	195	propagandaposters	"1922 German edition of ""The International Jew"", an anti-Semitic four-volume booklet series on ""the world's foremost problem,"" published by Henry Ford, founder of the Ford Motor Company."	0.97	0	1	5
AngelaMotorman	mandelas struggle in posters nyt collection of images from the global antiapartheid campaign	1386309283.0	nytimes.com	True	1s83sb	https://external-preview.redd.it/YqvnyZvmtOFE_umdKAG9N8sBhgy06L5qtgyunixNTrI.jpg?width=216&crop=smart&auto=webp&s=c0b615729e59d4815794d93e1c6ee1476e83bb20		0.0	3	propagandaposters	Mandela’s Struggle in Posters: NYT collection of images from the global anti-apartheid campaign 1967-1990	0.72	0	1	5
TynShouldHaveLived	front labour sacrifice we are buildingeveryone build with us austrian fatherland front poster preww	1498032021.0	i.redd.it	True	6ikf2w	https://preview.redd.it/41ssbogcgy4z.jpg?width=320&crop=smart&auto=webp&s=9efb23323d127bd9110eb0e6431cad751d25389d		1.0	30	propagandaposters	"""Front Labour Sacrifice: We are building-everyone build with us!"", Austrian Fatherland Front poster, pre-WW2"	0.96	0	1	5
z-fly	heartbeat of the nation united arab emirates military recruitment advertisement	1413822923.0	youtu.be	True	2jspv9	https://external-preview.redd.it/_i5eMJJ_0FOMzju-wljaQOZBPlAbFV1Y5kXqKGucTaw.jpg?width=320&crop=smart&auto=webp&s=17159add4e8ca5b985f8a42969baf28f6bc747cc		4.0	49	propagandaposters	"""Heartbeat of the nation"" United Arab Emirates military recruitment advertisement (march 2014)"	0.9	0	1	5
RobertSparrow	anonymous tipline to report yakuza activities to the police psa poster	1366232307.0	i.imgur.com	True	1ck4rk	https://external-preview.redd.it/gIKyAfvqVHlQIzTEs4uzxcZImpS9gwOEDDzRDaTT-h8.jpg?width=320&crop=smart&auto=webp&s=7d26a78edf5c3411fa8df56a1b01b0a7e9da7492		10.0	76	propagandaposters	Anonymous tip-line to report Yakuza activities to the police, 2012 [PSA, Poster]	0.94	0	1	5
kameradM	national polio immunization week indonesia	1461861641.0	i.imgur.com	True	4guu54	https://external-preview.redd.it/45LRHtMQpeRV5_pfabTpx6Dti2hwwQFESOCkbuc-F8w.jpg?width=320&crop=smart&auto=webp&s=131bf0222a62f21e28093d4b94e3a7f4ec3f3f55		1.0	19	propagandaposters	National (polio) Immunization Week! (Indonesia, 2016)	0.96	0	1	5
RobertSparrow	class against class for work and bread chose communists for the council netherlands political campaign poster s	1434972355.0	i.imgur.com	True	3ap800	https://external-preview.redd.it/mnEZv1JryrSP6rOtB_kpxgYaRmdGjV-xdoiO9FxjdhQ.jpg?width=320&crop=smart&auto=webp&s=75dea392949a0ab64350bc9ff51af8ee3000821b		1.0	26	propagandaposters	"""Class against class. For work and bread chose Communists for the council."" Netherlands political campaign poster, 1940s?"	0.93	0	1	5
TynShouldHaveLived	british empirecommonwealth ww poster	1498625417.0	i.redd.it	True	6jyebi	https://preview.redd.it/ej3qle9wgb6z.jpg?width=320&crop=smart&auto=webp&s=5897ff0cf21002b5f03c08d56ed14eea27d04ab4		4.0	42	propagandaposters	British Empire/Commonwealth WW2 Poster	0.92	0	1	5
	heroic feat of private katz from national museum of ukrainian history kyiv world war i poster	1372880228.0	i049.radikal.ru	True	1hl4xu	https://external-preview.redd.it/OrpZfn18hUPRlP2wth0EqKzHkoKecwPpPWO0OI_K0gY.jpg?width=320&crop=smart&auto=webp&s=57d5d6893db628bca491d4a32a3c43f28214da0f		3.0	14	propagandaposters	Heroic Feat of Private Katz, August 23, 1914, from National Museum of Ukrainian History, Kyiv [World War I, Poster]	0.8	0	1	5
michaelconfoy	this happens every minutes stay on the job and get it over	1438230634.0	i.imgur.com	True	3f4f0w	https://external-preview.redd.it/UyX6B4AYw7n8jL7tl0wPkqEqbdq8of_pgXkVcBVMIbc.jpg?width=320&crop=smart&auto=webp&s=b876d70a8183c76bb90f1ab10306a83d48a0285d		11.0	66	propagandaposters	"""This happens every 3 minutes STAY ON THE JOB AND GET IT OVER"", 1943."	0.96	0	1	5
	german wwii aimed at the british and americanssx	1465082830.0	imgur.com	True	4mktng	https://external-preview.redd.it/VpsxLZIualmxdOClASVbyDkS8bop7vbHfjUJmqHR8e0.jpg?width=320&crop=smart&auto=webp&s=a7613786215cf066b8627ba330eeab07393e796b		6.0	18	propagandaposters	German propaganda WWII aimed at the British and Americans.1940s(732x1034)	0.85	0	1	5
history777	us world war ii antivenereal disease poster	1459690637.0	upload.wikimedia.org	True	4d65zk	https://external-preview.redd.it/eOOi5nGkExoeQdKkL3OZ9dwx2ojVUGGlvmyhjN7KVFQ.jpg?width=320&crop=smart&auto=webp&s=fb9938424a9e1d57db76e854491db1c8164f2c63		24.0	395	propagandaposters	U.S. World War II anti-venereal disease poster, 1942-1945	0.95	0	1	5
charles_yost	gee general rommel sure can run january dr seuss	1487833502.0	i.redd.it	True	5vp0y5	https://preview.redd.it/24s7ca0w2khy.jpg?width=320&crop=smart&auto=webp&s=4b38dce821a6a1fbbed096a15c29bc1039f14b7e		2.0	40	propagandaposters	"""Gee, General Rommel sure can run!"" January 28, 1942. Dr. Seuss."	0.94	0	1	5
smallteam	hurts one affects all	1415235914.0	i.imgur.com	True	2lfdpz	https://external-preview.redd.it/CHKKcrOnu0_hO7Uh6mI2LyNTMq1dHUhR0vT0W7cMGJ0.jpg?width=320&crop=smart&auto=webp&s=a2b2b09c6b75ddc469024348e878f7438505ede4		1.0	31	propagandaposters	Hurts One. Affects All. | Real Wingmen Act: Intervene when someone crosses the line with your fellow Airman (2011)	0.9	0	1	5
5_Frog_Margin	jews are not served here nazi germany	1440282682.0	imgur.com	True	3i0n2g	https://external-preview.redd.it/vq-Vd6omBNnzypOavi8sOtTxst1icJGe09jJzKK_HcI.jpg?width=320&crop=smart&auto=webp&s=8bb9d727b131ba676fc32da259dea7e1362ffdad		3.0	3	propagandaposters	"""Jews Are Not Served Here"" (Nazi Germany)"	0.56	0	1	5
Pvt_Larry	chinas army is a seasoned military team from the us armed forces newsmap publication	1501693359.0	i.imgur.com	True	6r5lea	https://external-preview.redd.it/KiBtDCiEAbFRuc1US0vwZB9aNjIdofg7XEwSx3D8918.jpg?width=320&crop=smart&auto=webp&s=39a3cce4b1aa860bae74dbaf1928e1ee2dac786f		7.0	41	propagandaposters	"""China's Army is a Seasoned Military Team"", from the US Armed Forces ""Newsmap"" publication, August 1943"	0.95	0	1	5
MiskaMeMeMe	every day you take off gives the axis a break wwii	1501857785.0	i.imgur.com	True	6rkwm5	https://external-preview.redd.it/BUBGxKWbmewInqlKg9EdBG1O932RnCi4Iebum2ddAok.jpg?width=320&crop=smart&auto=webp&s=88c4139add6fec4f1989acb32850272bdeb7e9a6		2.0	104	propagandaposters	Every day you take off - - gives the Axis a break (WWII)	0.97	0	1	5
Davis_a_smith	map of the square and stationary earth	1423529825.0	i.imgur.com	True	2vd4xe	https://external-preview.redd.it/KPuldUuL9C3fe5UnM54_3bWzc5jOFbfaZ8GoiuLZwT4.jpg?width=320&crop=smart&auto=webp&s=deb0655eeade476332e4de250e56f5fb9b571f46		10.0	128	propagandaposters	Map of the Square and Stationary Earth [1893]	0.97	0	1	5
RevolutionaryCommie	wall mural which appeared in crossmaglen shortly after the ira shot down a british military helicopter with an improvised barrack buster mortar on	1408074022.0	cain.ulst.ac.uk	True	2dls1h	https://external-preview.redd.it/wGvyR5XJ7EEdcXkYX5Afx2T0ZLyS0GX8E3wuPlWqQiM.jpg?width=320&crop=smart&auto=webp&s=582d4cf2e162efaa3b2e1bc02c72aa27b8af640f		2.0	41	propagandaposters	"Wall mural which appeared in Crossmaglen shortly after the IRA shot down a British military helicopter with an improvised ""barrack buster"" mortar on 20 March 1994"	0.91	0	1	5
pocarduss	s soviet union saying motherland youve been the first to light a star of progress and peace over the earth glory to science glory to labor glory to the soviet regime	1458642999.0	i.imgur.com	True	4bgvra	https://external-preview.redd.it/kmm83xfeBvzVqiNBs52HfdAMhTkpm6KLQHVd6H-oVbg.jpg?width=320&crop=smart&auto=webp&s=743582e695c524f797a499f9d57c4d6eed920010		27.0	537	propagandaposters	"1950s Soviet Union propaganda saying: ""Motherland! You've been the first to light a star of progress and peace over the Earth. Glory to science, glory to labor! Glory to the Soviet regime!"""	0.96	0	1	5
nichtmalte	comrade democrats ivan and uncle sam russia postfebruary revolution preoctober revolution	1489000819.0	imgur.com	True	5y9ypr	https://external-preview.redd.it/CcWbsk0DRThHsEXoZlSbyDl6oTtVBwkBjpKd5lL4F8o.jpg?width=320&crop=smart&auto=webp&s=3d5c4d4cd3f6b3dc395552a47adaaf823e47410b		1.0	31	propagandaposters	"""Comrade Democrats: Ivan and Uncle Sam"", Russia, 1917, post-February Revolution, pre-October Revolution"	0.97	0	1	5
globalis	the worlds verdict on germany ca	1488050402.0	i.imgur.com	True	5w5r2y	https://external-preview.redd.it/9XzIzyUbWM7UwA7IW8kDp3SoDNxjThSAAbREB03oN6g.jpg?width=320&crop=smart&auto=webp&s=0051d43e18dee6d1ffc5c7cbb9b9e266008d6376		4.0	32	propagandaposters	The World's verdict on Germany, ca. 1918	0.94	0	1	5
RetakeEverything	vivisection banned heil goring caricature from kladderadatsch a satirical journal national socialist	1378464187.0	i.imgur.com	True	1lugsy	https://external-preview.redd.it/l8hdC8QtFz_FoGlzb9oH6mF3emkzXpL3Ae8MiTxCLik.jpg?width=320&crop=smart&auto=webp&s=fead778187e7d1b1b2c9a105e941650f4118bc0d		6.0	99	propagandaposters	"""Vivisection Banned -- Heil Goring!"" Caricature from Kladderadatsch, a satirical journal, 1933 [National Socialist]"	0.95	0	1	5
alllie	girls wanted comments on the triangle shirtwaist company fire of by henry glintenkamp organized labor socialism	1371496128.0	imgur.com	True	1gj7i9	https://external-preview.redd.it/WKbvyOKaj9qWUR_AmN2bQGUj4VZmheHD_XY9gOcTPy0.jpg?width=320&crop=smart&auto=webp&s=edfecc6fc2943d256f4535ed18e1605135a49dcc		1.0	32	propagandaposters	Girls Wanted (comments on the Triangle Shirtwaist Company Fire of 1911), by Henry Glintenkamp, 1916 [Organized Labor, Socialism]	0.86	0	1	5
not_a_persona	workers break your chains capitalist exploitation join the nsb poster from the netherlands election campaign	1377107780.0	i.imgur.com	True	1ktgd0	https://external-preview.redd.it/CEQ25SDAGshkFETHdo_OrvL_2pjlteU0-_nUx7CPgj8.jpg?width=320&crop=smart&auto=webp&s=11d449654376fe6bd6d1bfc4f4b6fcb061643833		0.0	95	propagandaposters	"""Workers break your chains! (capitalist exploitation) Join the N.S.B."" poster from the Netherlands, 1931 [Election Campaign]"	0.96	0	1	5
Pilast	italian air quality fighting pollution in turin poster	1378398412.0	souciant.com	True	1lsiya	https://external-preview.redd.it/KQTK2tiZrjAJ72rXMQwe9Y9S4DRcwNi8TIEfBr2rkn0.jpg?width=216&crop=smart&auto=webp&s=5f9e8e0694370b3fb984bb35293c59b869e9e155		0.0	1	propagandaposters	Italian Air Quality: Fighting Pollution in Turin, 2013 [Poster]	0.54	0	1	5
	childrens book cover world war	1406756205.0	wp.patheos.com.s3.amazonaws.com	True	2c6i1p	https://external-preview.redd.it/rAXdw5WV-lCQONlAgZRN9omU-G0foNf_DqXR54AIaNg.jpg?width=320&crop=smart&auto=webp&s=12ba2002eb618040e7b81eddfdee1f72f40eaa4f		6.0	86	propagandaposters	Children's book cover propaganda, World War 1	0.95	0	1	5
newera14	protection against spray attack miss	1418595461.0	imgur.com	True	2paquv	https://external-preview.redd.it/QIEKR448p2K-7Shy0pMrQ23piwcdtm3Mh6m4d9tq8uE.jpg?width=320&crop=smart&auto=webp&s=4295ed3d6f9b2a1fad8a324e190aa7db828e79cb		4.0	54	propagandaposters	"""Protection Against Spray Attack. Miss November 1944"" (1944)"	0.89	0	1	5
tobbinator	industry agriculture everything for the front spanish civil war cntfai	1405411549.0	i.imgur.com	True	2aqvvt	https://external-preview.redd.it/C2FiMI750cJEldLTe2TVkZLMpaU9rvJ9hM6DSJKcaPg.jpg?width=320&crop=smart&auto=webp&s=f0593769078d03821784ffa0ae26d2d470e5cae8		4.0	37	propagandaposters	"""Industry, Agriculture, everything for the front"", 1936-1939 [Spanish Civil War, CNT-FAI]"	0.88	0	1	5
	soviet s poster saying long live the great stalin	1458481807.0	iisg.nl	True	4b7klv	https://external-preview.redd.it/SqapP9gDCSh82wouvY1Htm2aVyMrqSX61OJWi8glWSc.jpg?width=216&crop=smart&auto=webp&s=f408a415ad67cc739522042575cbf9be63cfa2bd		9.0	250	propagandaposters	"Soviet 1930's poster saying ""long live the great Stalin!"""	0.96	0	1	5
barsoap	the pirate party says thanks to all sponsors of this meeting modern parody antilobbyism	1390258015.0	i.imgur.com	True	1vplcm	https://external-preview.redd.it/VTqq4TpSPKupbt8PtvVictk6aikjRbm80c-I09-Ib8s.jpg?width=320&crop=smart&auto=webp&s=d0291ececb26d647601a603c892e3f97db4b8f5c		38.0	443	propagandaposters	"""The Pirate Party says thanks to all sponsors of this meeting"", modern [parody, anti-lobbyism]"	0.96	0	1	5
mistermajik2000	foodgardening album various dates ss mostly ww a few ww and food safety	1469824761.0	imgur.com	True	4v8psm	https://external-preview.redd.it/WsKJmwYGn7mWeasHEq-LLbVmGNLBs25hO-TyezLnZ2E.jpg?width=320&crop=smart&auto=webp&s=e284258fc1ff31feaa02b6f1e1f8a91625f34ed8		5.0	51	propagandaposters	Food/gardening Propaganda (ALBUM) various dates 1910s-50s (mostly WW2, a few WW1 and food safety)	0.96	0	1	5
Kutili	sarajevo genocide serbs ethnically cleansed from their homes prosrpska independence	1457781618.0	i.imgur.com	True	4a3hzz	https://external-preview.redd.it/K49LgJGzRy00tNEnPmPM9ZgiKGNsldgn_KF9miu3u1U.jpg?width=320&crop=smart&auto=webp&s=7148327eb5a315e155965a7cd260eb4e682abac0		1.0	18	propagandaposters	Sarajevo Genocide, 120 000 Serbs ethnically cleansed from their homes (2016) - Pro-Srpska independence	0.85	0	1	5
chewapchich	unknown author probably a yugoslav partisan	1424605291.0	i.imgur.com	True	2wr4ir	https://external-preview.redd.it/IuAKJ0VUkAzcCmXuWb8VuXkNB79p0nbm1BkKpFD567U.jpg?width=320&crop=smart&auto=webp&s=4e7b1907544664b924c50235e7dae1734c7931dc		19.0	886	propagandaposters	Unknown author, probably a Yugoslav Partisan, 1945.	0.96	0	1	5
michaelconfoy	rout and destroy the enemy mercilessly by the kukrynisky group	1447113517.0	i.imgur.com	True	3s7bo2	https://external-preview.redd.it/Cmh5HbSigTlgQVgd-KZnktjT_oDekFsGa-fnSW36Yq4.jpg?width=320&crop=smart&auto=webp&s=d4a42f86f29331974b22f80d84d4c59b99503167		15.0	83	propagandaposters	"""Rout and destroy the enemy mercilessly!"", 1941 by The Kukrynisky Group."	0.98	0	1	5
2A1ZA	erdogans way turkey	1468925740.0	nrc-reader.s3.amazonaws.com	True	4tkjpt	https://external-preview.redd.it/oJa7UuOERl6Yj2X5SMeTfiZfCquz_Voe2cjNIGPgwTE.jpg?width=320&crop=smart&auto=webp&s=dd620fa21b0ab82ea5bcb8bc0c6274f2055694c8		13.0	304	propagandaposters	"""Erdogan's Way"" (Turkey, 2016)"	0.98	0	1	5
amaxen	soviet military power art by dia defense intelligence agency gallery cold war us	1477929356.0	imgur.com	True	5ad1ei	https://external-preview.redd.it/eLvOW397lQ4gL6UCF8FvI-y1_T6_WSTAJIEh23reqs8.jpg?width=320&crop=smart&auto=webp&s=36f2632b2ce857a6c204beac7c7eaa703312813b		20.0	233	propagandaposters	Soviet military power art by DIA (Defense Intelligence Agency), Gallery, Cold War, US	0.99	0	1	5
Dusepo	nature notes spiders web	1480251722.0	i.redd.it	True	5f576n	https://preview.redd.it/bq3xj1rsu50y.jpg?width=320&crop=smart&auto=webp&s=d1a49532dda94929d17588c0719ad3de7e39462a		3.0	27	propagandaposters	"""Nature Notes: Spider's Web"" [2000]"	0.86	0	1	5
michaelconfoy	never late	1409070862.0	i.imgur.com	True	2en1gb	https://external-preview.redd.it/EYXaNdBxHNRzAD1wfv_wVvrAcWoduyXRFljjLWfmWmQ.jpg?width=320&crop=smart&auto=webp&s=f7115bc7ba5e60ab15a79f541a983c9af81e8e82		1.0	16	propagandaposters	"""Never!"" Late 1944."	0.78	0	1	5
commieflirt	our defense is organized by the people in militas a poster for the sandinista peoples militias mps both a mass political mobilization and an irregular civilian fighting force the militias were nicaraguas main defense against the contras	1471089326.0	i.imgur.com	True	4xis0b	https://external-preview.redd.it/YW4JmJTUfGfZPbcsFmTqIjXFy20uY8tD_8c8MSD_Fec.jpg?width=320&crop=smart&auto=webp&s=66a678a7fb5e2265c2d4aff769abceba044fe0a8		0.0	64	propagandaposters	"""Our Defense Is Organized By The People in Militas"" - a poster for the Sandinista People's Militias (MPS). Both a mass political mobilization and an irregular civilian fighting force, the militias were Nicaragua's main defense against the contras. 1979"	0.93	0	1	5
commieflirt	bolshevism unmasked nazi poster	1470538400.0	i.redd.it	True	4wj4hc	https://preview.redd.it/95j8qcqvjvdx.jpg?width=320&crop=smart&auto=webp&s=94ee627c29a0b3ad8a2478395140b7b7f0e2ef93		17.0	91	propagandaposters	"""Bolshevism Unmasked"", Nazi poster 1939"	0.95	0	1	5
rainbowjarhead	dominance poster by the air force communications agency	1378905374.0	i.imgur.com	True	1m693l	https://external-preview.redd.it/wo-3xdutqffUtxv3IXXjOgf8FQW1PPK5MvLZvsNFimc.jpg?width=320&crop=smart&auto=webp&s=d7c29cd821ee48252eced9c26511c4893b7073e4		11.0	143	propagandaposters	Dominance - Poster by the Air Force Communications Agency, 2006	0.93	0	1	5
-PlagueDoc-	north korean antiamerican ruthless punishment to us imperialism	1498298419.0	i.redd.it	True	6j7ed9	https://preview.redd.it/zbsv4r4hgk5z.jpg?width=320&crop=smart&auto=webp&s=585d6c0808652304cb2fdf67d466f198aad7cf6f		6.0	38	propagandaposters	"North Korean Anti-American Propaganda: ""Ruthless punishment to U.S imperialism"" (2003)"	0.92	0	1	5
outtacontext	whats at stake when gop economic plans are out of sync	1423746855.0	flickr.com	True	2vncoy	https://external-preview.redd.it/xXtofYor8CbHeAD8Yy9YRWDqMki1Q0vlguxRcyTeUx4.jpg?width=320&crop=smart&auto=webp&s=5a7845e0e98d315f351343b7163aa470ed0bc691		4.0	32	propagandaposters	What's at stake when GOP economic plans are out of sync? 2014	0.8	0	1	5
Aboveground_Plush	jack dempseys endorsement of fdrs reelection	1459343853.0	i.imgur.com	True	4ckph7	https://external-preview.redd.it/dSZNkDVVOEFyKjLRr1dpwPAj-pMMqLTyvy4QwCfHybg.jpg?width=320&crop=smart&auto=webp&s=3b095cd8eb77dfb50eebc5bdb95aaf6ae0f6a449		5.0	42	propagandaposters	Jack Dempsey's endorsement of FDR's re-election, 1940	0.98	0	1	5
Ednac	hurray for peron primary school book	1394385839.0	i.imgur.com	True	1zz6jw	https://external-preview.redd.it/By7_ZfWddrVTp4-Wc2Aag2hxCtp3fZ1f7JE0z_qbGoo.jpg?width=320&crop=smart&auto=webp&s=cf0d1f15264888a089a365c99d052cf840d33b79		6.0	116	propagandaposters	"""Hurray for Perón!"" 1945-1955. [Primary school book]"	0.99	0	1	5
TommBomBadil	japanese wwii	1451630346.0	wwiiatuno.com	True	3yzv9u	https://external-preview.redd.it/ncRoiikXFECE5EQB4rmDe1_4svh62QVe6lLqU1bkhno.jpg?width=320&crop=smart&auto=webp&s=7f443c3a0a0f93adbb2462b3446555021ef560df		19.0	127	propagandaposters	Japanese WWII Propaganda - 1943	0.98	0	1	5
suekichi	victor koretsky american policy internalexternal	1426788795.0	i.imgur.com	True	2zlyrg	https://external-preview.redd.it/eU-OD3aM955-cpDhZgllDY4AiGOOHOCHhC_1iG7k0Cg.jpg?width=320&crop=smart&auto=webp&s=7d7ac4b8be8455e56e01cb3e8cdf62daecc846cb		2.0	20	propagandaposters	Victor Koretsky: American Policy (Internal/External). (1970).	0.96	0	1	5
ComradeYoldas	power to the people ospaaal cuba	1505148477.0	cdn.globalauctionplatform.com	True	6zgm5m	https://external-preview.redd.it/5DI8BfVPmonTsF-SDcEKsZzEopgNGmkLjJgyeH5wG-M.jpg?width=320&crop=smart&auto=webp&s=26e23f0cff5485df133483d50e4107b465c6539a		0.0	23	propagandaposters	“Power to the people!”, OSPAAAL, Cuba, 1967	0.94	0	1	5
xulasor	support the peoples war in indiamodern germany	1460586816.0	i.imgur.com	True	4eo3ot	https://external-preview.redd.it/YKKukikzmW5oa-NdJAc7yEgR_q2EIHN37C2KQduAoJc.jpg?width=320&crop=smart&auto=webp&s=2f2960966ea10242eb8099abbe78be7050fabb64		8.0	36	propagandaposters	"""Support the peoples war in India""[Modern, Germany]"	0.97	0	1	5
michaelconfoy	commit to the german navy ca	1410272302.0	i.imgur.com	True	2fwpr1	https://external-preview.redd.it/L2O6N3J8OeInB4o7K2pSKQtTgm35Z6KZ8ccHGAsprmQ.jpg?width=320&crop=smart&auto=webp&s=9890883cdf4aeb3404cba432da5ed9f36c1dce3f		2.0	15	propagandaposters	"""Commit to the German Navy"" ca., 1940."	0.78	0	1	5
laughingboy	we will crush france islamic state modern	1469989261.0	i.imgur.com	True	4vi9yj	https://external-preview.redd.it/ibiFXO5gjJKw2yJuvHx9-gfcgaodg-QrVBSB8_OjJ9Y.jpg?width=320&crop=smart&auto=webp&s=5b1b57aae1f89f40eceb5581460d3e73a9a73bfd		20.0	59	propagandaposters	"""We will crush France"", Islamic State, Modern"	0.89	0	1	5
NorthernNut	the martyrs of karbala look upon a dead soliders body being cradled by his mother iraniraq war ca explanation of imagery in comments	1415108344.0	i.imgur.com	True	2l9ckk	https://external-preview.redd.it/XA7lxIyuvH2EKH-QREVldSA4oyUTR4WUrAiXesJ96dY.jpg?width=320&crop=smart&auto=webp&s=0408b6d8973bc2123235459d7cd80fe29499bcc6		6.0	29	propagandaposters	The Martyrs of Karbala Look Upon a Dead Solider's Body Being Cradled by his Mother. Iran-Iraq War, ca 1981. (Explanation of imagery in comments.)	0.9	0	1	5
dmanww	the spirited horse and the sex impulse anti promiscuity poster us	1498906248.0	gallery.lib.umn.edu	True	6kmdma	https://external-preview.redd.it/6CxgU_bqNv8J1xhH8xOnY1hRlV31BUUySR_m5wVvUZA.jpg?width=320&crop=smart&auto=webp&s=c99a74217ef21671fecd796839626d5f157e6fc8		9.0	44	propagandaposters	"""The Spirited Horse and the Sex Impulse"" anti promiscuity poster, US, 1922"	0.9	0	1	5
LaoBa	death to the world imperialist monster russia by dmitri s moor	1441654126.0	i.imgur.com	True	3k08q2	https://external-preview.redd.it/boQWjCW-9jeZcgSmjKz7wa8qEz2dpz2e8ivOxXDXlXY.jpg?width=320&crop=smart&auto=webp&s=6e1432aca24a566e164bfe564a38efc6c84dc240		3.0	30	propagandaposters	Death to the World Imperialist Monster, Russia, 1919 by Dmitri S. Moor	1.0	0	1	5
FNaXQ	i am the bomber wwii motor industry poster uk s	1504745290.0	i.imgur.com	True	6yju3i	https://external-preview.redd.it/d6IjQDbw2-BlKHKuhsSh9ZkF9J0Jfnvrb2hE-bg3br8.png?width=320&crop=smart&auto=webp&s=aa8ba74b2837f3b84dfa24b3f64af3626d81d4d3		19.0	446	propagandaposters	"""I am the Bomber"" - WWII Motor Industry poster, UK, 1940s"	0.97	0	1	5
Plan4Chaos	through muddy glasses	1423400150.0	i.imgur.com	True	2v6see	https://external-preview.redd.it/ebnfM2QJ7BSAv-96leqSKfHI8mk5W2yJJm4f5dZZfg4.jpg?width=320&crop=smart&auto=webp&s=59268c74b4848b498d63235a41183a8afb42f402		3.0	32	propagandaposters	"""Through muddy glasses"", 1936"	0.96	0	1	5
ruiamgoncalves	a hurt barefoot can be a lost foot dont go barefoot campaign against barefoot portugal	1461187267.0	imgur.com	True	4fpmjt	https://external-preview.redd.it/SK9DheZKrPYcHZmsM3YMuO0LoAMUusK8aOjxSKj4KfY.jpg?width=320&crop=smart&auto=webp&s=deae7e3089463616687cd1745308c6913de3c576		8.0	130	propagandaposters	"""A hurt barefoot can be a lost foot. Don't go barefoot"" - Campaign against barefoot [Portugal - 1938?]"	0.99	0	1	5
svaroz1c	turkish leaflet during gallipoli campaign in wwi	1481212849.0	i.redd.it	True	5h7ofu	https://preview.redd.it/iigm8vgh8d2y.jpg?width=320&crop=smart&auto=webp&s=bdc93ad3870106473ff681c127385bfbe62a8d81		22.0	149	propagandaposters	Turkish propaganda leaflet during Gallipoli campaign in WWI, 1915 (x-post from /r/europe)	0.99	0	1	5
	animated soviet fascist barbarians we can do it	1423613603.0	youtube.com	True	2vh7ye	https://external-preview.redd.it/3UjwSVlzju_eWsjrUqJSDNP2o8wGxkPzY5ToumXgANg.jpg?width=320&crop=smart&auto=webp&s=e6f82908a86ba17df370f725eb29982468abaf58		1.0	17	propagandaposters	Animated Soviet Propaganda - Fascist Barbarians: We Can Do It [1970]	1.0	0	1	5
ThePhenix	recruitment poster for the legion des volontaires francais wwii during french occupation	1363441588.0	histoire-fr.com	True	1aepiq	https://external-preview.redd.it/UBWWI6En01Hr4HT39Oo7GbA5yLY5SV6YLeYx7Ml723M.jpg?width=320&crop=smart&auto=webp&s=a50335e0fbfd75e8c4cba3312848d9257f57d5e9		5.0	115	propagandaposters	Recruitment poster for the Légion des Volontaires Français (WWII during French Occupation)	0.96	0	1	5
Fiestoforo	man is but a worm linley sambourne cartoon in punch	1445509344.0	upload.wikimedia.org	True	3pr8kj	https://external-preview.redd.it/0_DiV9qhS9mgoTVd8x_AN_CuaAuepRAWCD-FCMxToeM.jpg?width=320&crop=smart&auto=webp&s=fa19b2269f2892cb071258b4f9f3f136c19db181		4.0	59	propagandaposters	"""Man is But a Worm"", Linley Sambourne [Cartoon in Punch] 1881"	0.95	0	1	5
Quant_Liz_Lemon	antifemalesuffrage french womens rights poster s	1372188051.0	ufunk.net	True	1h21lq	https://external-preview.redd.it/nhcpELHHLWL9KOVE-UUTRhygIaUWGH_6OllgHzJ9Lag.jpg?width=320&crop=smart&auto=webp&s=9dfbb9e5fa2db03b32bd91738ce4d51d82987659		11.0	87	propagandaposters	Anti-Female-Suffrage French Women's Rights Poster 1900s	0.95	0	1	5
TheFallenHero	the goosestep punch cartoonist britain	1438125375.0	imgur.com	True	3eylx5	https://external-preview.redd.it/uAT55qoW0g3yox3ppJ-NRHqEWJDgr-YjTwHbzn3T7zY.jpg?width=320&crop=smart&auto=webp&s=9666626f2349364ade93174dc5a6ead6722583cb		14.0	196	propagandaposters	"""THE GOOSE-STEP"", 1936 Punch Cartoonist, Britain"	0.98	0	1	5
temporalanomaly	austrian from wwi declaring serbia dead to raise the austrian fighting spirit	1426691855.0	i.imgur.com	True	2zh3ek	https://external-preview.redd.it/-lEMB86SxYwsYb1TTYJwZtclOj0v22jSLMj-het-nrM.jpg?width=320&crop=smart&auto=webp&s=1f0f31328108ae71569850532b8b2da394f3cf8a		1.0	34	propagandaposters	Austrian Propaganda from WWI, declaring Serbia dead to raise the Austrian fighting spirit.	0.94	0	1	5
	chinese poster showing chairman mao visiting peoples navy sailors	1458467691.0	chineseposters.net	True	4b70cz	https://external-preview.redd.it/iu1WaZGEXzY2eyuIsBp-PAW4cJWLfDiz6mpkeCBpdU8.jpg?width=320&crop=smart&auto=webp&s=76ab0edc46b72dc68c13630e7161079ccf943341		1.0	18	propagandaposters	1971 Chinese poster showing Chairman Mao visiting People's Navy sailors.	0.84	0	1	5
	nazi and anticommunist posters from serbia kingdom of yugoslavia during wwii	1372152959.0	imgur.com	True	1h11qd	https://external-preview.redd.it/v0wjGGRlH7_fylydv41GrFc3rJhz7EUquwcoYCmNgks.jpg?width=320&crop=smart&auto=webp&s=94796a15eb4045b86f88878f3bb9079da76b07dd		14.0	140	propagandaposters	Nazi and anti-communist posters from Serbia, Kingdom of Yugoslavia during WWII (1939-1945)	0.98	0	1	5
rpilek	memories illustration in puck magazine th	1416959649.0	i.imgur.com	True	2nfc23	https://external-preview.redd.it/AuwicvsH6pS-9vpspKcnAkOBQz3Dj9wnceVzm-iuhKQ.jpg?width=320&crop=smart&auto=webp&s=872b8d68058890e4d627c2d8bb227f6caa8c6281		19.0	145	propagandaposters	"""Memories"" illustration in Puck magazine, October 8th, 1913."	0.95	0	1	5
	stand pat	1481365965.0	i.redd.it	True	5hjkwg	https://preview.redd.it/fvhyaf20wp2y.jpg?width=320&crop=smart&auto=webp&s=7c1934ca2eb0ddc60a39dfbe15b4321357b07fe4		9.0	279	propagandaposters	"""Stand Pat!"", 1904."	0.95	0	1	5
SassyMoron	clever antismoking poster health antismoking modern	1389277818.0	imgur.com	True	1uspqd	https://external-preview.redd.it/a4Io5IOSW5eT-K13NqJPnKBsq_VntGfTPwcrIlUbkz0.jpg?width=320&crop=smart&auto=webp&s=5363693acfa1f2f8f2b0d5d9473d38960b05eeeb		36.0	797	propagandaposters	Clever anti-smoking poster [health, anti-smoking, modern]	0.94	0	1	5
hoodjiah	collection of antisuffragette cartoons and posters s	1484591088.0	imgur.com	True	5ocgmm	https://external-preview.redd.it/hWJWRbsZqbdRIxLZHGvRDYnkZSh9r58tQl0sdALahqw.jpg?width=320&crop=smart&auto=webp&s=266dbf8b70562c61d77ba5461dc6353fe91cc460		363.0	2499	propagandaposters	Collection of Anti-Suffragette Cartoons and Posters, 1910's	0.94	0	1	5
Smoke_Me_When_i_Die	himmler goering hitler and goebbels	1469679979.0	i.imgur.com	True	4uyvq3	https://external-preview.redd.it/IlH8g2epSOyWajjQXpcM5aSBkwuNoG7eEk0MAByh4nM.jpg?width=320&crop=smart&auto=webp&s=4d93d3d1cb02463e775f78f70146348f10f2f4e0		12.0	110	propagandaposters	Himmler, Goering, Hitler, and Goebbels 1941	0.98	0	1	5
PanRagon	with waffenss and the norwegian legion against its common enemy against bolshevism nazi recruitment during germanys occupation of norway	1457730407.0	i.imgur.com	True	4a0qqv	https://external-preview.redd.it/VQl-fuvyR3BK5Fsm9DErfOrtP5g0PpJDgsnOr11tjk4.png?width=216&crop=smart&auto=webp&s=61dbb45a9da848e9dc5576e37afc7a18ba6588a5		3.0	21	propagandaposters	With Waffen-SS and The Norwegian Legion against it's common enemy... Against Bolshevism (Nazi recruitment propaganda during Germany's occupation of Norway, 1942)	0.87	0	1	5
rawveggies	operation posters voting is now open nov th to nov th	1447100911.0	reddit.com	True	3s6fmz	https://external-preview.redd.it/MhOFIzYDgRg6QFAgCig9BqsQT8Z8jHfSw17WslM2RpQ.jpg?width=320&crop=smart&auto=webp&s=fae2b60791c9573f1dd280f2e30880eb5692355a		6.0	13	propagandaposters	Operation: Propaganda Posters - Voting is Now Open, Nov. 9th to Nov. 14th	0.84	0	1	5
John_Boone_	crying fawn wildfire prevention poster us	1503993355.0	i.redd.it	True	6wprxf	https://preview.redd.it/fx0n4y1vumiz.jpg?width=320&crop=smart&auto=webp&s=851a8b2244cb780106ddeadee867b4fc609d6656		2.0	82	propagandaposters	Crying Fawn wildfire prevention poster, US, 1961	0.98	0	1	5
ComradeYoldas	civic action fascist vermin atelier populaire	1503592400.0	imgur.com	True	6vs14p	https://external-preview.redd.it/SxFMP_Lh4upQoVWX0T2EpRVprZPbDQly9Dg5svA3PYo.jpg?width=320&crop=smart&auto=webp&s=63288f1e93b88e9ad41dd90e2c9059b5207ef197		1.0	53	propagandaposters	“Civic Action: Fascist Vermin”, Atelier Populaire, 1968	0.86	0	1	5
alllie	port huron by clarence holbrook carter environmentalism painting	1372698136.0	i.imgur.com	True	1hfp89	https://external-preview.redd.it/jeQEcfi3jNu0t0Iz9ngL_tOFqQPcWJB_UrNZ5u5Pc0c.jpg?width=320&crop=smart&auto=webp&s=d4bedb0ee9a5596d2f157a2822d8f9398e0166ba		1.0	22	propagandaposters	Port Huron by Clarence Holbrook Carter, 1936 [Environmentalism, Painting]	0.85	0	1	5
ZugNachPankow	history is ours and the peoples make history poster remembering salvador allende modern	1441997201.0	i.imgur.com	True	3kkq22	https://external-preview.redd.it/zjyI1L_0pnzsQm0bfSoPwBst5227kaYSmrdyNknpanw.jpg?width=320&crop=smart&auto=webp&s=0954fe18d9e0a5d4ee21d641f4d656c5aaa2e267		5.0	50	propagandaposters	"""History is ours, and the peoples make history"", poster remembering Salvador Allende [Modern]"	0.94	0	1	5
	an advertisement for nazi uniforms by hugo boss	1389405804.0	imgur.com	True	1uxi5h	https://external-preview.redd.it/duUjzFwDD4N0K9ioFV0XFEAtYn42VuMMG0j-SdXcjaA.jpg?width=320&crop=smart&auto=webp&s=33376ba94a594338b2d1255de0b3b3af056c461f		10.0	113	propagandaposters	An advertisement for Nazi uniforms by Hugo Boss. [1933]	0.89	0	1	5
VandelayOfficial	united we will win my history teacher just put this up outside his class	1496191545.0	i.redd.it	True	6ebieq	https://preview.redd.it/rx77x444gq0z.jpg?width=320&crop=smart&auto=webp&s=274f7c4b79e6489edce09587ff861f34c5ce2763		3.0	46	propagandaposters	United We Will Win-1943. My history teacher just put this up outside his class.	0.98	0	1	5
James12052	antimilitary poster west berlin	1499873152.0	i.redd.it	True	6muna2	https://preview.redd.it/5xwvgpdxh69z.jpg?width=320&crop=smart&auto=webp&s=0669c65230be3fe2705987c9670d1444453a8861		1.0	33	propagandaposters	Anti-military poster. West Berlin, 1955.	1.0	0	1	5
smallteam	united we win office of war information wwii manufacturing race war at home posters	1406066984.0	i.imgur.com	True	2bfr0y	https://external-preview.redd.it/AxSW1XRlvMVhdFY-abBnI0H5BlT3mP2xZz6CyxG6zNw.jpg?width=320&crop=smart&auto=webp&s=6bb50bbc4b69c2ce2fe7962c500711dd358e4692		2.0	39	propagandaposters	"""United We Win,"" 1943 [Office of War Information, WWII, manufacturing, race, war at home, posters]"	0.96	0	1	5
Geeglio	long live the dictatorship of the proletariat china	1504960034.0	i.redd.it	True	6z1fdb	https://preview.redd.it/x48xevd5pukz.jpg?width=320&crop=smart&auto=webp&s=f151ba7d9f77ea2b97baea83e590a922f28fd01c		8.0	209	propagandaposters	"""Long live the dictatorship of the proletariat"", China, 1971"	0.99	0	1	5
RobertSparrow	louseous japanicas page from leatherneck magazine published by the us marine corps	1435041471.0	i.imgur.com	True	3asxel	https://external-preview.redd.it/QNwRW6LD5qBr9x5yYvfhb7TWqt5_4b5veBb1C86-vW4.png?width=320&crop=smart&auto=webp&s=fbc049ac7c7fe197f683a2d7a147082297727c3c		4.0	59	propagandaposters	“Louseous Japanicas” page from Leatherneck magazine, published by the US Marine Corps, 1945	1.0	0	1	5
amaxen	the kafirs blood is halal for you so shed it islamist	1481573095.0	i.redd.it	True	5hyv50	https://preview.redd.it/n83qrxmuz63y.jpg?width=216&crop=smart&auto=webp&s=3a55ee0a57c2d2971880919e13f09b5639d5eb26		3.0	24	propagandaposters	'The Kafir's Blood is Halal for You so Shed It', 2013, Islamist	0.81	0	1	5
chubachus	they dont wear labels us navy antivenereal disease poster c s	1498852265.0	upload.wikimedia.org	True	6kicp9	https://external-preview.redd.it/QJDyWXA6PJA78ibkrYtwFS2unR1FNcVhljpzP9oMqdI.jpg?width=320&crop=smart&auto=webp&s=89efd2b23d36bf7f91c384211cf8d35a4c56c0d0		19.0	610	propagandaposters	"""They don't wear labels"", US Navy anti-venereal disease poster, c. 1940's."	0.97	0	1	5
michaelconfoy	infantry king of the military	1409329964.0	i.imgur.com	True	2exiif	https://external-preview.redd.it/-TPmY_JRbKa_M7u25ScZBREo_th2MWYOtZ37jLofHYQ.jpg?width=320&crop=smart&auto=webp&s=663e2046ee2fa5856e0ed4f8ada90effc56f6ef1		22.0	150	propagandaposters	"""Infantry King of the Military"" 1944."	0.96	0	1	5
militantpacifism	from the communist party of iran mlm modern communism	1367255171.0	i.imgur.com	True	1dcjen	https://external-preview.redd.it/Wd-ilPKLV6LU9slWPTwJHK4eOXGgs9kj7XbcNoZRp2k.jpg?width=320&crop=smart&auto=webp&s=69753f456fed10998433021cba44a3ef01e0f758		7.0	24	propagandaposters	Propaganda from the Communist Party of Iran (MLM), Modern [Communism]	0.92	0	1	5
sinnerG	where the victims aresave the survivors us food administration poster during the armenian genocide fund raising	1373562520.0	i.imgur.com	True	1i3ar5	https://external-preview.redd.it/liW3LxVGcwluUTreo8ZSatJ79IS-jnQU8mMJSSFSPis.jpg?width=320&crop=smart&auto=webp&s=4d3fca095e2839adc3b2a5666ec13abf76db7ce8		8.0	147	propagandaposters	"""Where The Victims Are...Save The Survivors"" U.S. Food Administration poster during the Armenian genocide, 1917 [Fund Raising]"	0.97	0	1	5
FreddieFreelance	early antiliquor sheets beer lane gin street	1416340839.0	brewscruisechicago.com	True	2mp26a	https://external-preview.redd.it/7gVI6D__tMZ4oj8dSzl2IYnG_Aon5G0q4YqADY-FJa0.jpg?width=320&crop=smart&auto=webp&s=04670eb1f53ca9bd0cc79afd7a32741cec8fb107		36.0	149	propagandaposters	"Early anti-Liquor propaganda sheets: ""Beer Lane & Gin Street"" (1751)"	0.96	0	1	5
TommBomBadil	the destruction of hitlers army is possible and necessary	1451836915.0	i.imgur.com	True	3za8mk	https://external-preview.redd.it/t5s5XHsOszbCXFcuGPGqfzN9Qj1aAN1xmSeKjQCe8Hc.png?width=320&crop=smart&auto=webp&s=7dde7b1d05e8260a664141af007e8b391062c6a4		12.0	76	propagandaposters	"""The Destruction of Hitler's Army Is Possible and Necessary"" - 1943"	0.99	0	1	5
ZugNachPankow	happy holidays on the background labour soviet postcard date unknown	1444856212.0	pp.vk.me	True	3orsty	https://external-preview.redd.it/cmpmY0nwJGkKO09fPqJEKcibMKD4SfbQFtHZus0oSbk.jpg?width=320&crop=smart&auto=webp&s=1aa78cfb921b8e29a5aae68983434b68062e8f09		4.0	19	propagandaposters	"""Happy holidays!"" (on the background: ""Labour""), Soviet postcard, date unknown"	0.86	0	1	5
gotkidsolderthanyou	babies on strike never to young to walk the picket line	1421370366.0	imgur.com	True	2skuqs	https://external-preview.redd.it/dC87J11cmCC7DayuNmxyHaFpBwYgr2ahPkpcWFCr1rY.jpg?width=320&crop=smart&auto=webp&s=e00ad617734a303d9eca39844817ba2d74617b9d		3.0	38	propagandaposters	Babies on Strike! Never to young to walk the picket line. (1936-38)	0.88	0	1	5
noncenestpasmoi	unemployed dont fight alone socialist party	1413974142.0	imgur.com	True	2jzbzp	https://external-preview.redd.it/OQCaMRSDsYsZrVs1yU_xa8bbkv2Z7_uIGqedRuFnI7M.jpg?width=320&crop=smart&auto=webp&s=5dcb2dc41a5eccef563f69006aa40217194f4c08		6.0	46	propagandaposters	Unemployed, don't fight alone - Socialist Party - 1975	0.93	0	1	5
michaelconfoy	this genetically ill person will cost our peoples community marks over his lifetime citizens that is your money read neues volk the monthly of the racial policy office of the nsdap s	1421510854.0	i.imgur.com	True	2sqp09	https://external-preview.redd.it/-6FPtQwV6EEyEHllTZ_2-6-gf673wixV4qBZv6kuHtk.jpg?width=320&crop=smart&auto=webp&s=daea5f8f194f0f724a75322068a12e8f3feee3fc		29.0	146	propagandaposters	"""This genetically ill person will cost our people’s community 60,000 marks over his lifetime. Citizens, that is your money. Read Neues Volk, the monthly of the racial policy office of the NSDAP"", 1930s."	0.96	0	1	5
My_names_are_used	gott mit uns polish resistance occupied poland	1488761177.0	i.redd.it	True	5xq8ry	https://preview.redd.it/1i7z7d8npojy.jpg?width=320&crop=smart&auto=webp&s=ff70a633dd7a7f3254d205b2ce9d612e0565d7f7		1.0	34	propagandaposters	Gott mit uns - Polish resistance, Occupied Poland, 1943	0.89	0	1	5
adawkin	we demand colonies for poland	1460588878.0	i.imgur.com	True	4eo8yg	https://external-preview.redd.it/e9Bi1qaVArQQtcLlzIk3jGnWpPHySAaB_SQ_XbmF8CE.jpg?width=320&crop=smart&auto=webp&s=9b837eef96cd2ef84867236c6f6abe9e46fdce20		4.0	23	propagandaposters	We demand colonies for Poland (1938)	0.96	0	1	5
Undisguised	us marines recruitment ad	1363392334.0	youtube.com	True	1adrn5	https://external-preview.redd.it/t-fUggk-mnuyjq7G8lJ6cdT0kiaptJ2iHVaJ_AWQTRU.jpg?width=320&crop=smart&auto=webp&s=f465683bf642ca1817b5d10d0afa08ff8645b038		10.0	10	propagandaposters	US Marines Recruitment Ad (Xpost from r/MURICA)	0.72	0	1	5
outtacontext	visit the isle of anger and unmet promises	1458489468.0	flickr.com	True	4b81qy	https://external-preview.redd.it/w7vLdyI98Om8t3XsQ7yltBIpaDCjpefYGqkSSJrSraI.jpg?width=320&crop=smart&auto=webp&s=30d9a90bd5dca56f79d9a71b62c3157d7f41390a		1.0	67	propagandaposters	Visit the Isle of Anger and Unmet Promises [2015]	0.87	0	1	5
undue-influence	valentina kulagina to the defence of the ussr poster	1488717818.0	i.imgur.com	True	5xmmdr	https://external-preview.redd.it/3nbhuo56fxoVl5lkdvpr9WL1rw6Yv3n6Dx-E_FXqz9o.jpg?width=320&crop=smart&auto=webp&s=bbde00dc8ce8dc2f7120b3143eb672e69ba88589		16.0	582	propagandaposters	Valentina Kulagina, To the Defence of the USSR, Poster, 1930	0.95	0	1	5
Fiestoforo	the combat leslie illingworth punch magazine	1423217420.0	i.imgur.com	True	2uz08g	https://external-preview.redd.it/73i1kIZJFdyc_EeE_cw1wcp2SwfxYzNNPaQLwEQIYY8.jpg?width=320&crop=smart&auto=webp&s=dee578b5dd42e7f79f1600955d7f1f3884657038		19.0	188	propagandaposters	"""The Combat"", Leslie Illingworth (Punch Magazine). 1940."	0.98	0	1	5
wildeastmofo	ussr and usa as supermen roman cieslewicz	1465398365.0	i.imgur.com	True	4n5h6g	https://external-preview.redd.it/pBQHzxQX0rMH36-ORVDc5_b_bjPI1N41sDu1zjzA8iA.jpg?width=320&crop=smart&auto=webp&s=fb7076784809c25cef7c0d01f26909b7f4a857cb		31.0	341	propagandaposters	USSR and USA as Supermen, Roman Cieślewicz 1968	0.96	0	1	5
michaelconfoy	our motherland is the motherland of russian aviation by viktor koretsky and vera gitsevich	1440136516.0	i.imgur.com	True	3htet3	https://external-preview.redd.it/1ahBCVA518RefMJ_1nTppct9NztXXwIp0LVwE0YzpA8.jpg?width=320&crop=smart&auto=webp&s=5b6c83a00914f834007bc45b3be47664887fb15b		10.0	60	propagandaposters	"""Our Motherland is the Motherland of Russian aviation"", 1949 by Viktor Koretsky and Vera Gitsevich."	0.92	0	1	5
alllie	marching in step leads to victory chairman mao promulgating in the three main rules of discipline and the eight points for attention to the chinese red army in shatien kueitung county hunan province by kao hung peng pin and ho kungteh	1363230733.0	i.imgur.com	True	1a9gab	https://external-preview.redd.it/HgW7MVlKfmAhw5b0OPebSV39u0ragLphphIIHi1jLBQ.jpg?width=320&crop=smart&auto=webp&s=5dbacccbe1a8cbd92200e3dd33eb8f323e5545bf		1.0	11	propagandaposters	"""Marching in Step Leads to Victory"", (Chairman Mao promulgating in 1928 the Three Main Rules of Discipline and the Eight Points for Attention to the Chinese Red Army in Shatien, Kueitung County, Hunan Province)  by Kao Hung, Peng Pin and Ho Kung-teh "	0.78	0	1	5
BLOW_ME_NSA	modern western sydney university using the pathos of violence to promote its self and prop up the current refugee perception	1452193349.0	youtube.com	True	3zwxbp	https://external-preview.redd.it/N6eg8LH1aYQ4sD18BG1rrXk92cwBoLsat3As7azfKfw.jpg?width=320&crop=smart&auto=webp&s=9e9e386c470247971fdade8af8f79882a066ca98		10.0	10	propagandaposters	[Modern 2015] Western Sydney University using the pathos of violence to promote it's self and prop up the current refugee perception	0.71	0	1	5
RyanSmith	sign on a store owned by japanese in little tokyo la thanking customers for their patronage after their forced evacuation and internment by executive order	1502732443.0	i.imgur.com	True	6to1y4	https://external-preview.redd.it/VjO9ftTTwrHeNBeCB_m_dpw84rxFxX8tzxltgUTK9zM.jpg?width=320&crop=smart&auto=webp&s=b6dadbf6c0e32e405a010a98b27276cdfd39437f		1.0	136	propagandaposters	Sign on a store owned by Japanese in Little Tokyo, L.A. thanking customers for their patronage after their forced evacuation and internment by Executive Order 9066. April, 1942.	0.96	0	1	5
michaelconfoy	back them up a british cruiser ramming an italian submarine in the mediterranean	1415464339.0	i.imgur.com	True	2lomaj	https://external-preview.redd.it/RDuHVyaHgsYXnAtc3Q_Mmqh7Lvr0IoC_qkvPRSqGM9o.jpg?width=320&crop=smart&auto=webp&s=6c1705c0d673d4d9ea7e92b56f5007f9e10a6cb7		9.0	162	propagandaposters	"""BACK THEM UP! A British cruiser ramming an Italian submarine in the Mediterranean"" 1942."	0.98	0	1	5
buttlickk	save serbia our ally	1437977593.0	upload.wikimedia.org	True	3eqrch	https://external-preview.redd.it/7VPQ41kzQpdLNFUOEm81nCDNKUGgIIq8OsGyqjHtbpc.jpg?width=320&crop=smart&auto=webp&s=8e79a1a5d4669c63165c1d2598dbf3791c7ffd21		0.0	72	propagandaposters	[1915]Save Serbia, our ally	0.99	0	1	5
	obama political campaign facebook post modern	1393470633.0	imgur.com	True	1z1x7n	https://external-preview.redd.it/rw3C157-mb0CTpawp_iy2QUuOWtOs9AaKwKVk8JT52w.jpg?width=108&crop=smart&auto=webp&s=13f10bd79b14373c26cda336f47e723faa67d7a9		2.0	29	propagandaposters	Obama political campaign Facebook post, [Modern]	0.78	0	1	5
col381	devils harvest movie poster	1369566053.0	i.imgur.com	True	1f2rwt	https://external-preview.redd.it/YJUJIoJO07Fr6CP3NCAeBaQVmwrnluwYBx6RVAZu4MY.jpg?width=320&crop=smart&auto=webp&s=b4d4824caa4ecc175fc92d4aa65e0bdc4d818e55		13.0	130	propagandaposters	Devil's Harvest 1942 [Movie, Poster]	0.95	0	1	5
CairoSmith	tons of diplomacy northrop grumman military us s	1446140944.0	i.imgur.com	True	3qqc7n	https://external-preview.redd.it/YsOOY1Cl43oRO-GCdJHGKwXPmcWy5WErguiJt8S-7_4.png?width=320&crop=smart&auto=webp&s=3ade4ca9e5202a333ed94958fce26ac441b852f0		56.0	448	propagandaposters	"""90,000 Tons of Diplomacy"" - Northrop Grumman [Military, U.S., 2010s]"	0.96	0	1	5
RoNPlayer	victory vietnampalestine palestine poster by ismail shammout circa	1468323397.0	imgur.com	True	4sgjjb	https://external-preview.redd.it/p5MJ0-f-nFN-Mu9nG9jRzXBvDPdS7v9CSZtycwoyGBA.jpg?width=320&crop=smart&auto=webp&s=96a2ed73563847022a4542aa44305f51167347d0		17.0	52	propagandaposters	"""Victory; Vietnam-Palestine"" Palestine Poster by Ismail Shammout , circa 1972"	0.9	0	1	5
davidystephenson	glory to the conquerors of the universe posters from the soviet space race	1377781828.0	openculture.com	True	1lbtiz	https://external-preview.redd.it/CrMmsRATAR-fTdsMfymkjpAnOdDRai2GxKmRCaM-vBk.jpg?width=320&crop=smart&auto=webp&s=561ffa63b5f222c09a592279d45d5ded8fc85446		1.0	9	propagandaposters	“Glory to the Conquerors of the Universe!”: Propaganda Posters from the Soviet Space Race (1958-1963)	0.91	0	1	5
Dr_ChimRichalds	dont be a job hopper disney	1405296402.0	i.imgur.com	True	2amg50	https://external-preview.redd.it/wGXLdzljJ1SiHhXR8PwUK-qVmbL5EsWDe3xruQ7nJo4.jpg?width=320&crop=smart&auto=webp&s=006c2d32d42772a9b7dad4fd8de445e4345e246c		38.0	295	propagandaposters	"""Don't be a job hopper."" Disney, 1944"	0.98	0	1	5
michaelconfoy	blood for blood death for death	1440472352.0	i.imgur.com	True	3iacyc	https://external-preview.redd.it/PVtFTi-qAKe-MwSsGnzXNV7emm5j45APeEvxjgPj1yM.jpg?width=320&crop=smart&auto=webp&s=b8f1818b96382d321d5963696a603f178e940117		7.0	91	propagandaposters	"""Blood for blood Death for death"", 1942."	0.97	0	1	5
ZugNachPankow	history is ours and the peoples make it quoting salvador allendes last speech on modern	1505168086.0	i.imgur.com	True	6ziqlp	https://external-preview.redd.it/2Qo9v54dfqG0RRZoXOk-04SWcemYdRsjP5bNweJhkyU.jpg?width=320&crop=smart&auto=webp&s=31c5bf30806fe663dd4d33235dc27c5f8e3adfbe		3.0	33	propagandaposters	"""History is ours, and the peoples make it"", quoting Salvador Allende's last speech on 11 September 1973 [Modern]"	0.95	0	1	5
gnomonish	canadian forest protection posters from the s to the s	1436839640.0	imgur.com	True	3d7b4x	https://external-preview.redd.it/axolXZQ-co-NjVZAOxmQmCuLH07Pao8CkKJtES8Mam4.jpg?width=320&crop=smart&auto=webp&s=2e05f69c9fda56056eac7a215ce0b815fba6128d		7.0	70	propagandaposters	Canadian forest protection posters, from the 1930s to the 1950s	0.97	0	1	5
Anarcho-Reptilian	vote communist germany s	1504136194.0	i.imgur.com	True	6x36na	https://external-preview.redd.it/CTtpaEn8nRAvuYOKjhgHTFov3h5-6Q4FXPisFH3mxuM.jpg?width=320&crop=smart&auto=webp&s=9228273dd57225b583863a58f55cbb81e83efce5		5.0	35	propagandaposters	"""Vote communist"" Germany, 1920s"	0.91	0	1	5
michaelconfoy	dont let a cercaria make a meal out of your liver snail fever is dangerous ca even today the bill and melinda gates foundation fight million cases of this worldwide and for american soldiers in the pacific it was a significant health threat see comment	1440988826.0	i.imgur.com	True	3j198q	https://external-preview.redd.it/Qyk3iErxyhkKaGukkwYmGcECPoKGFKGALq0fspkdmu4.jpg?width=320&crop=smart&auto=webp&s=194b422ec7c9696c2de97abe0dbf11ca7741ce0f		3.0	14	propagandaposters	"""DON'T LET A CERCARIA MAKE A MEAL OUT OF YOUR LIVER! Snail Fever is Dangerous"", ca., 1943. Even today the Bill and Melinda Gates Foundation fight 200 million cases of this world-wide and for American soldiers in the Pacific, it was a significant health threat, see comment."	0.89	0	1	5
dylan89	antihoarding in canada	1414767876.0	i.imgur.com	True	2kw1hb	https://external-preview.redd.it/RWVdBrFk5QXk_4jhpPG2MzB2aJ3qiZ6o6rbrp68_w5Q.png?width=320&crop=smart&auto=webp&s=9452c6971c25bc1fd3a8ce7f388d5eea1369796a		46.0	344	propagandaposters	Anti-Hoarding in Canada [1918]	0.99	0	1	5
	cover of todays berliner kurier a berlin daily newspaper no you cannot murder our freedom	1420699801.0	pbs.twimg.com	True	2rpyic	https://external-preview.redd.it/DHRmuKuqtmjbg-C1oz-nd76-6K2qa5JJZITgc-TEee4.jpg?width=320&crop=smart&auto=webp&s=2e551a25a2377d55c6e4f8b8172300b134bd1276		52.0	240	propagandaposters	"Cover of todays ""Berliner Kurier"" - a Berlin daily newspaper: ""No! You cannot murder our freedom"""	0.98	0	1	5
DrowningEmbers	columbia c from bioshock infinite washington idol of xenophobia	1365185644.0	lockepick.com	True	1bqxsl	https://external-preview.redd.it/VjJm8ZBls66f0Ls7uYVIosDh5UizEpytxgiGL8UM5Kw.gif?width=320&crop=smart&format=png8&s=e756035c2ed4e17dc489d5fffa99ea033b225467		12.0	27	propagandaposters	Columbia: c. 1908 [From Bioshock Infinite] Washington: Idol of Xenophobia!	0.81	0	1	5
Metecury	italian war time the title reads they shall not prevail	1440075130.0	ilduce.net	True	3hpp0g	https://external-preview.redd.it/kBDJ2KdqJtzA-jVEKx4OsfhPe7qe0ZMvtsySPMpBPmw.jpg?width=216&crop=smart&auto=webp&s=1f4cbaa33fc28a217255ca3ca7ee3f19b72fd188		9.0	87	propagandaposters	"Italian war time Propaganda, the title reads: ""They shall not prevail"""	0.98	0	1	5
smallteam	a psychedelic animated short by vincent collins funded by the united states information agency to commemorate the usas bicentennial info and internet archive download in comments	1467598016.0	youtube.com	True	4r50ll	https://external-preview.redd.it/ZCBB6li_b6Ifh8FXUOnEgDgKTfozqMU7A3F6JYL0AgY.jpg?width=320&crop=smart&auto=webp&s=894037fa3a32c1617ea163d262584e89b5771fa7		2.0	6	propagandaposters	200 (1975) -- a psychedelic animated short by Vincent Collins funded by the United States Information Agency to commemorate the USA's 1976 Bicentennial [info and Internet Archive download in comments]	0.66	0	1	5
Sandafluffoid	chairman mao is the great saviour of the revolutionary peoples of the world chinese poster from	1411250135.0	chineseposters.net	True	2gzgn6	https://external-preview.redd.it/6fRv3fvH-g4Zj5mRGDk3MyXvUZR_pM4vra19m-pYKzc.jpg?width=320&crop=smart&auto=webp&s=b23134c98379348fb04059eef041ff0498c2270b		5.0	77	propagandaposters	"""Chairman Mao is the Great Saviour of the Revolutionary Peoples of the World"" Chinese poster from 1968"	0.94	0	1	5
commieflirt	kissing doesnt kill greed and indifference do corporate greed government inaction and public indifference make aids a political crisis poster by the gran fury aids artist collective for act up	1468944953.0	i.imgur.com	True	4tly3y	https://external-preview.redd.it/j5d9k6LS9f-3y93TYsFOH-J4CJqvcacajx-IQ9SLs5c.jpg?width=320&crop=smart&auto=webp&s=60750b07ce691b989cfd9feee74bd8a5a8624d74		5.0	100	propagandaposters	"""Kissing Doesn't Kill: Greed and Indifference Do. Corporate greed, government inaction, and public indifference make AIDS a political crisis."" Poster by the Gran Fury AIDS artist collective for ACT UP, 1987."	0.97	0	1	5
loulan	beer is nutritious this one drinks it that one doesnt advertisement around	1435893909.0	i.imgur.com	True	3by7d3	https://external-preview.redd.it/RWKD64ILbLmTkYGlnPpWZz_0qebc6YYtWyVrl1TXgOM.jpg?width=320&crop=smart&auto=webp&s=4a683022fba6ebbc1ace2a1d04f91d75138deea3		37.0	715	propagandaposters	Beer is nutritious: this one drinks it, that one doesn't. [Advertisement, around 1900]	0.95	0	1	5
noncenestpasmoi	fake comparison poster modern	1420384545.0	imgur.com	True	2raykm	https://external-preview.redd.it/bpTjUfRJ7Z1JVPGzbynI9QGCHhvZpexj04mR21IsEfw.jpg?width=320&crop=smart&auto=webp&s=a19dc04e190e721c16b43c12ed86ba66deb099c0		49.0	347	propagandaposters	Fake comparison propaganda poster - [Modern]	0.92	0	1	5
2A1ZA	solidarity with the freedom fighters of rojava s syria going global	1468067092.0	anticuts.com	True	4s03d4	https://external-preview.redd.it/aXYnGdPofTZDp_r6RG4_7PJ0JynQHO1PRUZ8TmYP76g.jpg?width=320&crop=smart&auto=webp&s=ca52864ac0323a00927808851e8ca289f6458710		2.0	132	propagandaposters	"""Solidarity with the Freedom Fighters of Rojava"", 2010s, Syria going global"	0.94	0	1	5
hypersite	adolf and the wolf usa dr seuss	1485034459.0	i.redd.it	True	5pd1xu	https://preview.redd.it/d54zwjw2w4by.jpg?width=320&crop=smart&auto=webp&s=2e3ef9ed6b8e5ddf68131988c3efc6788d58119c		8.0	162	propagandaposters	"""Adolf and the Wolf"" - USA (Dr Seuss), 1941"	0.95	0	1	5
executivemonkey	we will use our strength to create peace resfriendly repost	1363428883.0	i.imgur.com	True	1aejkv	https://external-preview.redd.it/FDPo44z7quJRWN5JJ6RflZ_2RagqBMyDPIwmY7JC-FE.jpg?width=320&crop=smart&auto=webp&s=24de110ef17e73708d67d85a2f91a2fb17e99e9b		5.0	80	propagandaposters	We will use our strength to create peace (RES-friendly repost)	0.91	0	1	5
Theelout	leadership a second television ad usa protrump	1469576845.0	youtube.com	True	4urpxx	https://external-preview.redd.it/You3LfOpaA_Ve0SkdlcKNvykFv0e8BY_Pd9HecOXLZE.jpg?width=320&crop=smart&auto=webp&s=ad75702394f131a820a1e982c5fb605735d5a857		3.0	5	propagandaposters	"""Leadership"", a 60 Second Television Ad (USA, 2016, Pro-Trump)"	0.63	0	1	5
